dev_id,car_model
M2210703644,EV6
M2210703645,EV6
M2210703646,EV6
M2210703647,EV6
M2210703648,EV6
M2210703649,EV6
M2210703652,EV6
M2210703653,EV6
M2210703654,EV6
M2210703657,EV6
M2210703658,EV6
M2210703659,EV6
M2210703660,EV6
M2210703669,EV6
M2210703670,EV6
M2210703671,EV6
M2210703672,EV6
M2210703707,EV6
M2210703710,EV6
M2210703711,EV6
M2210703712,EV6
M2210703713,EV6
M2210703714,EV6
M2210703715,EV6
M2210703716,EV6
M2210703718,EV6
M2210703719,EV6
M2210703721,EV6
M2210703722,EV6
M2210703723,EV6
M2210703724,EV6
M2210703725,EV6
M2210703726,EV6
M2210703727,EV6
M2210703728,EV6
M2210703730,EV6
M2210703731,EV6
M2210703747,EV6
M2210703748,EV6
M2210703749,EV6
M2210703751,EV6
M2210703752,EV6
M2210703753,EV6
M2210703754,EV6
M2210703791,EV6
M2210703792,EV6
M2210703842,EV6
M2210703845,EV6
M2210703849,EV6
M2210703972,EV6
M2210703974,EV6
M2210703975,EV6
M2210703978,EV6
M2210703979,EV6
M2210703982,EV6
M2210703983,EV6
M2210703984,EV6
M2210703985,EV6
M2210703987,EV6
M2210703988,EV6
M2210703989,EV6
M2210703991,EV6
M2210703992,EV6
M2210703994,EV6
M2210703995,EV6
M2210703997,EV6
M2210703998,EV6
M2210703999,EV6
M2210704008,EV6
M2210704010,EV6
M2210704012,EV6
M2210704014,EV6
M2210704016,EV6
M2210704017,EV6
M2210704019,EV6
M2210704020,EV6
M2210704023,EV6
M2210704024,EV6
M2210704026,EV6
M2210704028,EV6
M2210704029,EV6
M2210704031,EV6
M2210704032,EV6
M2210704033,EV6
M2210704034,EV6
M2210704040,EV6
M2210704043,EV6
M2210704045,EV6
M2210704047,EV6
M2210704049,EV6
M2210704053,EV6
M2210704058,EV6
M2210704060,EV6
M2210704061,EV6
M2210704062,EV6
M2210704065,EV6
M2210704072,EV6
M2210704073,EV6
M2210704074,EV6
M2210704075,EV6
M2210704076,EV6
M2210704077,EV6
M2210704078,EV6
M2210704081,EV6
M2210704082,EV6
M2210704083,EV6
M2210704085,EV6
M2210704086,EV6
M2210704087,EV6
M2210704090,EV6
M2210704092,EV6
M2210704095,EV6
M2210704096,EV6
M2210704097,EV6
M2210704099,EV6
M2210704100,EV6
M2210704204,EV6
M2210704205,EV6
M2210704207,EV6
M2210704238,EV6
M2210704246,EV6
M2210704255,EV6
M2210704266,EV6
M2211120117,EV6
M2211120121,EV6
M2211120140,EV6
M2211120145,EV6
M2211120227,EV6
M2211120431,EV6
M2211122545,EV6
M2211122555,EV6
M2211122568,EV6
M2211122573,EV6
M2211122592,EV6
M2211122598,EV6
M2211122602,EV6
M2211122603,EV6
M2211122609,EV6
M2211122610,EV6
M2211122612,EV6
M2211122618,EV6
M2211122624,EV6
M2211122626,EV6
M2211122627,EV6
M2211122629,EV6
M2211122638,EV6
M2211122652,EV6
M2211122659,EV6
M2211122663,EV6
M2211122665,EV6
M2211122666,EV6
M2211122677,EV6
M2211122679,EV6
M2211122680,EV6
M2211122681,EV6
M2211122686,EV6
M2211122688,EV6
M2211122691,EV6
M2211122696,EV6
M2211122697,EV6
M2211122703,EV6
M2211122704,EV6
M2211122710,EV6
M2211122711,EV6
M2211122713,EV6
M2211122714,EV6
M2211122716,EV6
M2211122719,EV6
M2211122725,EV6
M2211122737,EV6
M2211122738,EV6
M2211122740,EV6
M2211122746,EV6
M2211122748,EV6
M2211122750,EV6
M2211122754,EV6
M2211122755,EV6
M2211122756,EV6
M2211122757,EV6
M2211122758,EV6
M2211122760,EV6
M2211122762,EV6
M2211122766,EV6
M2211122768,EV6
M2211122769,EV6
M2211122776,EV6
M2211122792,EV6
M2211122797,EV6
M2211122828,EV6
M2211122852,EV6
M2211122858,EV6
M2211122864,EV6
M2211122874,EV6
M2211122878,EV6
M2211122893,EV6
M2211122898,EV6
M2211122904,EV6
M2211122906,EV6
M2211122910,EV6
M2211122916,EV6
M2211122921,EV6
M2211122925,EV6
M2211122932,EV6
M2211122934,EV6
M2211122935,EV6
M2211122941,EV6
M2211122945,EV6
M2211122948,EV6
M2211122953,EV6
M2211122958,EV6
M2211122966,EV6
M2211122983,EV6
M2211122996,EV6
M2211123000,EV6
M2211123257,EV6
M1190900291,KONA
M2210703805,eG80
M2210703864,eG80
M2210703932,eG80
M2210703934,eG80
M2210703935,eG80
M2210703936,eG80
M2210703937,eG80
M2210703938,eG80
M2210703939,eG80
M2210703942,eG80
M2210703943,eG80
M2210703944,eG80
M2210703945,eG80
M2210703946,eG80
M2210703947,eG80
M2210703948,eG80
M2211120222,eG80
M2211122543,eG80
M2211122572,eG80
M2211122605,eG80
M2211122641,eG80
M2211122644,eG80
M2211122647,eG80
M2211122648,eG80
M2211122660,eG80
M2211122678,eG80
M2211122793,eG80
M2211122865,eG80
M2211122883,eG80
M2211122894,eG80
M2211122995,eG80
M2211123301,eG80
M1200607258,IONIQ5
M1200607261,IONIQ5
M1200607264,IONIQ5
M1200607268,IONIQ5
M1200607270,IONIQ5
M1200607277,IONIQ5
M1200607279,IONIQ5
M1200607281,IONIQ5
M1200607282,IONIQ5
M1200607293,IONIQ5
M1200607294,IONIQ5
M1200607295,IONIQ5
M1200607297,IONIQ5
M1200607298,IONIQ5
M1200607300,IONIQ5
M1200607302,IONIQ5
M1200607304,IONIQ5
M1200607305,IONIQ5
M1200607307,IONIQ5
M1200607311,IONIQ5
M1200607317,IONIQ5
M1200607321,IONIQ5
M1200607322,IONIQ5
M1200607326,IONIQ5
M1200607327,IONIQ5
M1200607329,IONIQ5
M1200607330,IONIQ5
M1200607332,IONIQ5
M1200607338,IONIQ5
M1200607343,IONIQ5
M1200607344,IONIQ5
M1200607347,IONIQ5
M1200607348,IONIQ5
M1200607349,IONIQ5
M1200607350,IONIQ5
M1200607352,IONIQ5
M1200607354,IONIQ5
M1200607358,IONIQ5
M1200607359,IONIQ5
M1200607361,IONIQ5
M1200607363,IONIQ5
M1200607364,IONIQ5
M1200607365,IONIQ5
M1200607369,IONIQ5
M1200607370,IONIQ5
M1200607374,IONIQ5
M1200607375,IONIQ5
M1200607378,IONIQ5
M1200607380,IONIQ5
M1200607382,IONIQ5
M1200607388,IONIQ5
M1200607390,IONIQ5
M1200607391,IONIQ5
M1200607393,IONIQ5
M1200607397,IONIQ5
M1200607402,IONIQ5
M1200607406,IONIQ5
M1200607407,IONIQ5
M1200607411,IONIQ5
M1200607412,IONIQ5
M1200607414,IONIQ5
M1200607415,IONIQ5
M1200607417,IONIQ5
M1200607418,IONIQ5
M1200607423,IONIQ5
M1200607425,IONIQ5
M1200607426,IONIQ5
M1200607431,IONIQ5
M1200607432,IONIQ5
M1200607434,IONIQ5
M1200607436,IONIQ5
M1200607440,IONIQ5
M1200607441,IONIQ5
M1200607442,IONIQ5
M1200607445,IONIQ5
M1200607446,IONIQ5
M1200607447,IONIQ5
M1200607449,IONIQ5
M1200607451,IONIQ5
M1200607453,IONIQ5
M1200607455,IONIQ5
M1200607456,IONIQ5
M1200607457,IONIQ5
M1200607458,IONIQ5
M1200607463,IONIQ5
M1200607465,IONIQ5
M1200607468,IONIQ5
M1200607469,IONIQ5
M1200607470,IONIQ5
M1200607471,IONIQ5
M1200607476,IONIQ5
M1200607478,IONIQ5
M1200607480,IONIQ5
M1200607484,IONIQ5
M1200607487,IONIQ5
M1200607488,IONIQ5
M1200607489,IONIQ5
M1200607490,IONIQ5
M1200607492,IONIQ5
M1200607493,IONIQ5
M1200607495,IONIQ5
M1200607496,IONIQ5
M1200607506,IONIQ5
M1200607508,IONIQ5
M1200607510,IONIQ5
M1200607512,IONIQ5
M1200607513,IONIQ5
M1200607514,IONIQ5
M1200607516,IONIQ5
M1200607517,IONIQ5
M1200607559,IONIQ5
M1200607563,IONIQ5
M1200607566,IONIQ5
M1200607568,IONIQ5
M2210703615,IONIQ5
M2210703616,IONIQ5
M2210703617,IONIQ5
M2210703618,IONIQ5
M2210703619,IONIQ5
M2210703620,IONIQ5
M2210703632,IONIQ5
M2210703633,IONIQ5
M2210703634,IONIQ5
M2210703635,IONIQ5
M2210703676,IONIQ5
M2210703677,IONIQ5
M2210703678,IONIQ5
M2210703680,IONIQ5
M2210703756,IONIQ5
M2210703758,IONIQ5
M2210703759,IONIQ5
M2210703761,IONIQ5
M2210703764,IONIQ5
M2210703765,IONIQ5
M2210703767,IONIQ5
M2210703768,IONIQ5
M2210703770,IONIQ5
M2210703771,IONIQ5
M2210703772,IONIQ5
M2210703773,IONIQ5
M2210703774,IONIQ5
M2210703775,IONIQ5
M2210703777,IONIQ5
M2210703778,IONIQ5
M2210703779,IONIQ5
M2210703780,IONIQ5
M2210703782,IONIQ5
M2210703784,IONIQ5
M2210703785,IONIQ5
M2210703786,IONIQ5
M2210703793,IONIQ5
M2210703796,IONIQ5
M2210703799,IONIQ5
M2210703850,IONIQ5
M2210703852,IONIQ5
M2210703853,IONIQ5
M2210703857,IONIQ5
M2210703859,IONIQ5
M2210703912,IONIQ5
M2210703913,IONIQ5
M2210703914,IONIQ5
M2210703917,IONIQ5
M2210703920,IONIQ5
M2210703921,IONIQ5
M2210703922,IONIQ5
M2210703923,IONIQ5
M2210703925,IONIQ5
M2210703926,IONIQ5
M2210703927,IONIQ5
M2210703929,IONIQ5
M2210703931,IONIQ5
M2210703970,IONIQ5
M2210704069,IONIQ5
M2210704070,IONIQ5
M2210704163,IONIQ5
M2211120837,IONIQ5
M2211120842,IONIQ5
M2211123064,IONIQ5
M2211123068,IONIQ5
M2211123070,IONIQ5
M2211123072,IONIQ5
M2211123073,IONIQ5
M2211123078,IONIQ5
M2211123079,IONIQ5
M2211123080,IONIQ5
M2211123081,IONIQ5
M2211123082,IONIQ5
M2211123084,IONIQ5
M2211123085,IONIQ5
M2211123086,IONIQ5
M2211123087,IONIQ5
M2211123088,IONIQ5
M2211123089,IONIQ5
M2211123090,IONIQ5
M2211123100,IONIQ5
M2211123102,IONIQ5
M2211123103,IONIQ5
M2211123104,IONIQ5
M2211123105,IONIQ5
M2211123106,IONIQ5
M2211123108,IONIQ5
M2211123110,IONIQ5
M2211123113,IONIQ5
M2211123117,IONIQ5
M2211123118,IONIQ5
M2211123119,IONIQ5
M2211123120,IONIQ5
M2211123121,IONIQ5
M2211123122,IONIQ5
M2211123123,IONIQ5
M2211123127,IONIQ5
M2211123140,IONIQ5
M2211123162,IONIQ5
M2211123168,IONIQ5
M2211123174,IONIQ5
M2211123185,IONIQ5
M1200606102,KONA
M1200606103,KONA
M1200606104,KONA
M1200606110,KONA
M1200606112,KONA
M1200606114,KONA
M1200606118,KONA
M1200606119,KONA
M1200606120,KONA
M1200606122,KONA
M1200606123,KONA
M1200606128,KONA
M1200606129,KONA
M1200606134,KONA
M1200606160,KONA
M1200606213,KONA
M1200606214,KONA
M1200607207,KONA
M1200607208,KONA
M1200606166,Niro EV
M1200606168,Niro EV
M1200606169,Niro EV
M1200606173,Niro EV
M1200606174,Niro EV
M1200606175,Niro EV
M1200606180,Niro EV
M1200606189,Niro EV
M1200606191,Niro EV
M1200606193,Niro EV
M1200606194,Niro EV
M1200606199,Niro EV
M1200606203,Niro EV
M1200606208,Niro EV
M1200606234,Niro EV
M1200606236,Niro EV
M1200606238,Niro EV
M1200606239,Niro EV
M1200606240,Niro EV
M1200606245,Niro EV
M1200606249,Niro EV
M1200606251,Niro EV
M1200606256,Niro EV
M1200606257,Niro EV
M1200606264,Niro EV
M1200606265,Niro EV
M1200606267,Niro EV
M1200606270,Niro EV
M1200606272,Niro EV
M1200606277,Niro EV
M1200606284,Niro EV
M1200606289,Niro EV
M1200606291,Niro EV
M1200606292,Niro EV
M1200607101,Niro EV
M1200607114,Niro EV
M1200607117,Niro EV
M1200607118,Niro EV
M1200607121,Niro EV
M1200607123,Niro EV
M1200607133,Niro EV
M1200607136,Niro EV
M1200607140,Niro EV
M1200607146,Niro EV
M1200607150,Niro EV
M1200607152,Niro EV
M1200607158,Niro EV
M1200607160,Niro EV
M1200607163,Niro EV
M1200607164,Niro EV
M1200607170,Niro EV
M1200607178,Niro EV
M1200607187,Niro EV
M1200607188,Niro EV
M1200607190,Niro EV
M1200607192,Niro EV
M1200607196,Niro EV
M1200607199,Niro EV
M1200607200,Niro EV
M1200607218,Niro EV
M1200607262,Niro EV
M1200607524,Niro EV
M1200607525,Niro EV
M1200607527,Niro EV
M1200607529,Niro EV
M1200607534,Niro EV
M1200607537,Niro EV
M1200607539,Niro EV
M1200607547,Niro EV
M1200607548,Niro EV
M1200607551,Niro EV
M1200607575,Niro EV
M1200607578,Niro EV
M1200607581,Niro EV
M1200607582,Niro EV
M1200607583,Niro EV
M1200607584,Niro EV
M1200607586,Niro EV
M1200607587,Niro EV
M1200607589,Niro EV
M1200607590,Niro EV
M1200607591,Niro EV
M1200607592,Niro EV
M1200607593,Niro EV
M1200607597,Niro EV
M1200607598,Niro EV
M1200607600,Niro EV
M2210703601,Niro EV
M2210703603,Niro EV
M2210703604,Niro EV
M2210703606,Niro EV
M2210703607,Niro EV
M2210703609,Niro EV
M2210703610,Niro EV
M2210703611,Niro EV
M2210703612,Niro EV
M2210703623,Niro EV
M2210703624,Niro EV
M2210703625,Niro EV
M2210703627,Niro EV
M2210703629,Niro EV
M2210703638,Niro EV
M2210703640,Niro EV
M2210703641,Niro EV
M2210703642,Niro EV
M2210703643,Niro EV
M2210703665,Niro EV
M2210703667,Niro EV
M2210703668,Niro EV
M2210703682,Niro EV
M2210703683,Niro EV
M2210703684,Niro EV
M2210703685,Niro EV
M2210703688,Niro EV
M2210703691,Niro EV
M2210703693,Niro EV
M2210703694,Niro EV
M2210703697,Niro EV
M2210703698,Niro EV
M2210703700,Niro EV
M2210703701,Niro EV
M2210703703,Niro EV
M2210703705,Niro EV
M2210703706,Niro EV
M2210703733,Niro EV
M2210703734,Niro EV
M2210703735,Niro EV
M2210703736,Niro EV
M2210703737,Niro EV
M2210703738,Niro EV
M2210703740,Niro EV
M2210703741,Niro EV
M2210703742,Niro EV
M2210703743,Niro EV
M2210703806,Niro EV
M2210703807,Niro EV
M2210703808,Niro EV
M2210703809,Niro EV
M2210703810,Niro EV
M2210703812,Niro EV
M2210703814,Niro EV
M2210703815,Niro EV
M2210703816,Niro EV
M2210703817,Niro EV
M2210703818,Niro EV
M2210703819,Niro EV
M2210703821,Niro EV
M2210703823,Niro EV
M2210703824,Niro EV
M2210703825,Niro EV
M2210703826,Niro EV
M2210703827,Niro EV
M2210703828,Niro EV
M2210703829,Niro EV
M2210703830,Niro EV
M2210703831,Niro EV
M2210703832,Niro EV
M2210703833,Niro EV
M2210703835,Niro EV
M2210703838,Niro EV
M2210703839,Niro EV
M2210703840,Niro EV
M2210703865,Niro EV
M2210703869,Niro EV
M2210703870,Niro EV
M2210703871,Niro EV
M2210703875,Niro EV
M2210703876,Niro EV
M2210703877,Niro EV
M2210703878,Niro EV
M2210703880,Niro EV
M2210703881,Niro EV
M2210703882,Niro EV
M2210703884,Niro EV
M2210703885,Niro EV
M2210703886,Niro EV
M2210703887,Niro EV
M2210703889,Niro EV
M2210703890,Niro EV
M2210703891,Niro EV
M2210703892,Niro EV
M2210703893,Niro EV
M2210703894,Niro EV
M2210703895,Niro EV
M2210703896,Niro EV
M2210703899,Niro EV
M2210703900,Niro EV
M2210703901,Niro EV
M2210703902,Niro EV
M2210703904,Niro EV
M2210703905,Niro EV
M2210703906,Niro EV
M2210703907,Niro EV
M2210703908,Niro EV
M2210703909,Niro EV
M2210703949,Niro EV
M2210703950,Niro EV
M2210703951,Niro EV
M2210703952,Niro EV
M2210703953,Niro EV
M2210703954,Niro EV
M2210703955,Niro EV
M2210703956,Niro EV
M2210703957,Niro EV
M2210703958,Niro EV
M2210703959,Niro EV
M2210703960,Niro EV
M2210703961,Niro EV
M2210703962,Niro EV
M2210703963,Niro EV
M2210703966,Niro EV
M2210703967,Niro EV
M2210703968,Niro EV
M2210703969,Niro EV
M2210704000,Niro EV
M2211120767,Niro EV
M2210703664,Niro EV
M2210704273,IONIQ
M2211120166,IONIQ5
M2211120241,IONIQ
M2211120322,IONIQ
M2211120338,IONIQ
M2211120553,EV6
M2211120585,IONIQ
M2211120856,IONIQ5
M2211120957,EV6
M2211121268,IONIQ
M2211121308,eG80
M2211121354,IONIQ
M2211121499,eGV70
M2211121506,IONIQ
M2211121586,IONIQ
M2211121592,IONIQ
M2211121922,Niro EV
M2211121937,Niro Plus
M2211121951,Niro Plus
M2211122194,Niro EV
M2211122586,IONIQ
M2211122621,IONIQ
M2211122774,GV60
M2211122822,IONIQ
M2211122879,IONIQ
M2211122911,GV60
M2211122952,GV60
M2211123004,EV6
M2211123014,EV6
M2211123049,IONIQ5
M2211123050,IONIQ5
M2211123071,IONIQ5
M2211123256,EV6
M2211123277,IONIQ
M2220343143,IONIQ
M2220343335,eG80
M2220343494,IONIQ5
M2220343508,IONIQ
M2220343576,eG80
M2220343598,eG80
M2220343614,EV6
M2220343670,IONIQ5
M2220343706,Niro EV
M2220343890,IONIQ5
M2220343998,Niro EV
M2220344051,IONIQ
M2220344057,EV6
M2220344075,EV6
M2220344147,IONIQ5
M2220344260,GV60
M2220344279,Niro Plus
M2220344284,IONIQ
M2220344323,EV6
M2220344335,Niro Plus
M2220344421,Niro EV
M2220344465,eG80
M2220344499,Niro Plus
M2220344594,eG80
M2220344672,eG80
M2220876522,IONIQ5
M2220876618,IONIQ5
M2220876806,IONIQ
M2220876853,IONIQ5
M2220876938,IONIQ5
M2220877019,IONIQ
M2220877064,Niro Plus
M2220877160,EV6
M2220877290,EV6
M2220877730,IONIQ5
M2220877778,IONIQ5
M2220877935,EV6
M2220877989,Niro EV
M2220877994,EV6
M2220878172,IONIQ5
M2220878248,IONIQ5
M2220878347,EV6
M2220878514,Niro EV
M2220878586,IONIQ
M2220878587,EV6
M2220878612,EV6
M2220878713,IONIQ5
M2220878728,EV6
M2220878765,IONIQ5
M2220878776,EV6
M2220878782,EV6
M2220878893,EV6
M2220878915,IONIQ5
M2220878924,Niro EV
M2220878999,Niro Plus
M2220879134,The All-New Niro EV
M2220879227,IONIQ5
M2220879255,IONIQ5
M2220879294,EV6
M2220879334,The All-New Niro EV
M2220879373,The All-New Niro EV
M2220879380,The All-New Niro EV
M2220879429,IONIQ5
M2220879460,IONIQ5
M2220879555,The All-New Niro EV
M2220879582,The All-New Niro EV
M2220879807,EV6
M2220878171,eG80
M2220878891,eG80
M2220877633,eG80
M2220878998,eG80
M2220877602,eG80
M2220879063,eG80
M2220343232,eG80
M2220343239,eG80
M2220876934,eG80
M2220876947,eG80
M2220879088,eG80
M2220879424,eG80
M2220877724,eG80
M2220879746,eG80
M2220877774,eG80
M2220879821,eG80
M2220879810,eG80
M2220877209,eG80
M2220877233,eG80
M2220878835,eG80
M2220343306,eGV70
M2220343188,eGV70
M2220878187,eGV70
M2211120485,eGV70
M2211120932,eGV70
M2211120940,eGV70
M2211121393,eGV70
M2211120946,eGV70
M2211120965,eGV70
M2211121396,eGV70
M2211120943,eGV70
M2211121400,eGV70
M2211121574,eGV70
M2210704189,eGV70
M2211120910,eGV70
M2211121420,eGV70
M2220343704,eGV70
M2220343747,eGV70
M2211121518,eGV70
M2211121525,eGV70
M2220343527,GV60
M2220343509,GV60
M2220876827,GV60
M2220877031,GV60
M2220876829,GV60
M2211120390,GV60
M2211120172,GV60
M2220344486,GV60
M2211121953,GV60
M2220343961,GV60
M2220877597,GV60
M2220343146,GV60
M2220344138,GV60
M2220878523,GV60
M2211121279,GV60
M2211120351,GV60
M2211123028,GV60
M2211121225,GV60
M2220343870,GV60
M2220878266,GV60
M2220343044,Niro Plus
M2220344533,Niro Plus
M2220343506,Niro Plus
M2220343504,Niro Plus
M2220343503,Niro Plus
M2220877082,Niro Plus
M2220877086,Niro Plus
M2220877857,Niro Plus
M2220877895,Niro Plus
M2220877084,Niro Plus
M2220877049,Niro Plus
M2220877068,Niro Plus
M2220877886,Niro Plus
M2220877853,Niro Plus
M2220877056,Niro Plus
M2220877065,Niro Plus
M2220877891,Niro Plus
M2220877067,Niro Plus
M2220877858,Niro Plus
M2220344275,Niro EV
M2220343960,Niro EV
M2220344181,Niro EV
M2220344261,Niro EV
M2220343929,Niro EV
M2220344078,Niro EV
M2220343915,Niro EV
M2220344342,Niro EV
M2220344700,Niro EV
M2220344753,Niro EV
M2220344631,Niro EV
M2220344608,Niro EV
M2220344618,Niro EV
M2220344625,Niro EV
M2220344603,Niro EV
M2220344621,Niro EV
M2220344638,Niro EV
M2220344615,Niro EV
M2220344393,Niro EV
M2220344624,Niro EV
